股票代號,股票名稱,市場別
0050,元大台灣50,上市
0051,元大中型100,上市
0052,富邦科技,上市
0053,元大電子,上市
0055,元大MSCI金融,上市
0056,元大高股息,上市
0057,富邦摩台,上市
0061,元大寶滬深,上市
006201,元大富櫃50,上櫃
006203,元大MSCI台灣,上市
006204,永豐臺灣加權,上市
006205,富邦上証,上市
006206,元大上證50,上市
006207,復華滬深,上市
006208,富邦台50,上市
00625K,富邦上証+R,上市
00631L,元大台灣50正2,上市
00632R,元大台灣50反1,上市
00633L,富邦上証正2,上市
00634R,富邦上証反1,上市
00635U,期元大S&P黃金,上市
00636,國泰中國A50,上市
00636K,國泰中國A50+U,上市
00637L,元大滬深300正2,上市
00638R,元大滬深300反1,上市
00639,富邦深100,上市
00640L,富邦日本正2,上市
00641R,富邦日本反1,上市
00642U,期元大S&P石油,上市
00643,群益深証中小,上市
00643K,群益深証中小+R,上市
00645,富邦日本,上市
00646,元大S&P500,上市
00647L,元大S&P500正2,上市
00648R,元大S&P500反1,上市
00650L,復華香港正2,上市
00651R,復華香港反1,上市
00652,富邦印度,上市
00653L,富邦印度正2,上市
00654R,富邦印度反1,上市
00655L,國泰中國A50正2,上市
00656R,國泰中國A50反1,上市
00657,國泰日經225,上市
00657K,國泰日經225+U,上市
00660,元大歐洲50,上市
00661,元大日經225,上市
00662,富邦NASDAQ,上市
00663L,國泰臺灣加權正2,上市
00664R,國泰臺灣加權反1,上市
00665L,富邦恒生國企正2,上市
00666R,富邦恒生國企反1,上市
00668,國泰美國道瓊,上市
00668K,國泰美國道瓊+U,上市
00669R,國泰美國道瓊反1,上市
00670L,富邦NASDAQ正2,上市
00671R,富邦NASDAQ反1,上市
00673R,期元大S&P原油反1,上市
00674R,期元大S&P黃金反1,上市
00675L,富邦臺灣加權正2,上市
00676R,富邦臺灣加權反1,上市
00678,群益那斯達克生技,上市
00679B,元大美債20年,上櫃
00680L,元大美債20正2,上市
00681R,元大美債20反1,上市
00682U,期元大美元指數,上市
00683L,期元大美元指正2,上市
00684R,期元大美元指反1,上市
00685L,群益臺灣加權正2,上市
00686R,群益臺灣加權反1,上市
00687B,國泰20年美債,上櫃
00687C,國泰20年美債+櫃U,上櫃
00688L,國泰20年美債正2,上市
00689R,國泰20年美債反1,上市
00690,兆豐藍籌30,上市
00692,富邦公司治理,上市
00693U,期街口S&P黃豆,上市
00694B,富邦美債1-3年,上櫃
00695B,富邦美債7-10年,上櫃
00696B,富邦美債20年,上櫃
00697B,元大美債7-10,上櫃
00700,富邦恒生國企,上市
00701,國泰股利精選30,上市
00702,國泰標普低波高息,上市
00703,台新MSCI中國,上市
00706L,期元大S&P日圓正2,上市
00707R,期元大S&P日圓反1,上市
00708L,期元大S&P黃金正2,上市
00709,富邦歐洲,上市
00710B,復華彭博非投等債,上市
00711B,復華彭博新興債,上市
00712,復華富時不動產,上市
00713,元大台灣高息低波,上市
00714,群益道瓊美國地產,上市
00715L,期街口S&P布蘭特油正2,上市
00717,富邦美國特別股,上市
00719B,元大美債1-3,上櫃
00720B,元大投資級公司債,上櫃
00722B,群益投資級電信債,上櫃
00723B,群益投資級科技債,上櫃
00724B,群益投資級金融債,上櫃
00725B,國泰投資級公司債,上櫃
00726B,國泰新興投等債,上櫃
00727B,國泰優選非投等債,上櫃
00728,第一金工業30,上市
00730,富邦臺灣優質高息,上市
00731,復華富時高息低波,上市
00733,富邦臺灣中小,上市
00734B,台新JPM新興債,上櫃
00735,國泰臺韓科技,上市
00736,國泰新興市場,上市
00737,國泰AI機器人,上市
00738U,期元大道瓊白銀,上市
00739,元大MSCI A股,上市
00740B,富邦全球投等債,上櫃
00741B,富邦全球非投等債,上櫃
00746B,富邦A級公司債,上櫃
00749B,凱基新興債10+,上櫃
00750B,凱基科技債10+,上櫃
00751B,元大AAA至A公司債,上櫃
00752,中信中國50,上市
00753L,中信中國50正2,上市
00754B,群益AAA-AA公司債,上櫃
00755B,群益投資級公用債,上櫃
00756B,群益投等新興公債,上櫃
00757,統一FANG+,上市
00758B,復華能源債,上櫃
00759B,復華製藥債,上櫃
00760B,復華新興企業債,上櫃
00761B,國泰A級公司債,上櫃
00762,元大全球AI,上市
00763U,期街口道瓊銅,上市
00764B,群益25年美債,上櫃
00768B,復華20年美債,上櫃
00770,國泰北美科技,上市
00771,元大US高息特別股,上市
00772B,中信高評級公司債,上櫃
00773B,中信優先金融債,上櫃
00775B,新光投等債15+,上市
00777B,凱基AAA至A公司債,上櫃
00778B,凱基金融債20+,上櫃
00779B,凱基美債25+,上櫃
00780B,國泰A級金融債,上櫃
00781B,國泰A級科技債,上櫃
00782B,國泰A級公用債,上櫃
00783,富邦中証500,上市
00785B,富邦金融投等債,上櫃
00786B,元大10年IG銀行債,上櫃
00787B,元大10年IG醫療債,上櫃
00788B,元大10年IG電能債,上櫃
00789B,復華公司債A3,上櫃
00791B,復華信用債1-5,上櫃
00792B,群益A級公司債,上櫃
00793B,群益AAA-A醫療債,上櫃
00795B,中信美國公債20年,上櫃
00799B,國泰A級醫療債,上櫃
00830,國泰費城半導體,上市
00834B,第一金金融債10+,上櫃
00836B,永豐10年A公司債,上櫃
00838B,永豐7-10年中國債,上櫃
00840B,凱基IG精選15+,上櫃
00841B,凱基AAA-AA公司債,上櫃
00842B,台新美元銀行債,上櫃
00844B,新光15年IG金融債,上櫃
00845B,富邦新興投等債,上櫃
00846B,富邦歐洲銀行債,上櫃
00847B,中信美國市政債,上櫃
00848B,中信新興亞洲債,上櫃
00849B,中信EM主權債0-5,上櫃
00850,元大臺灣ESG永續,上市
00851,台新全球AI,上市
00852L,國泰美國道瓊正2,上市
00853B,統一美債10年Aa-A,上櫃
00856B,永豐1-3年美公債,上櫃
00857B,永豐20年美公債,上櫃
00858,永豐美國500大,上櫃
00859B,群益0-1年美債,上櫃
00860B,群益1-5Y投資級債,上櫃
00861,元大全球未來通訊,上市
00862B,中信投資級公司債,上櫃
00863B,中信全球電信債,上櫃
00864B,中信美國公債0-1,上櫃
00865B,國泰US短期公債,上市
00867B,新光A-BBB電信債,上櫃
00870B,元大15年EM主權債,上櫃
00875,國泰網路資安,上市
00876,元大全球5G,上市
00877,復華中國5G,上櫃
00878,國泰永續高股息,上市
00881,國泰台灣科技龍頭,上市
00882,中信中國高股息,上市
00883B,中信ESG投資級債,上櫃
00884B,中信低碳新興債,上櫃
00885,富邦越南,上市
00886,永豐美國科技,上櫃
00887,永豐中國科技50大,上櫃
00888,永豐台灣ESG,上櫃
00890B,凱基ESG BBB 債 15+,上櫃
00891,中信關鍵半導體,上市
00892,富邦台灣半導體,上市
00893,國泰智能電動車,上市
00894,中信小資高價30,上市
00895,富邦未來車,上市
00896,中信綠能及電動車,上市
00897,富邦基因免疫生技,上市
00898,國泰基因免疫革命,上市
00899,FT潔淨能源,上市
00900,富邦特選高股息30,上市
00901,永豐智能車供應鏈,上市
00902,中信電池及儲能,上市
00903,富邦元宇宙,上市
00904,新光臺灣半導體30,上市
00905,FT臺灣SMART,上市
00907,永豐優息存股,上市
00908,富邦入息REITs+,上市
00909,國泰數位支付服務,上市
00910,第一金太空衛星,上市
00911,兆豐洲際半導體,上市
00912,中信臺灣智慧50,上市
00913,兆豐台灣晶圓製造,上市
00915,凱基優選高股息30,上市
00916,國泰全球品牌50,上市
00917,中信特選金融,上市
00918,大華優利高填息30,上市
00919,群益台灣精選高息,上市
00920,富邦ESG綠色電力,上市
00921,兆豐龍頭等權重,上市
00922,國泰台灣領袖50,上市
00923,群益台ESG低碳50,上市
00924,復華S&P500成長,上市
00926,凱基全球菁英55,上市
00927,群益半導體收益,上市
00928,中信上櫃ESG 30,上櫃
00929,復華台灣科技優息,上市
00930,永豐ESG低碳高息,上市
00931B,統一美債20年,上櫃
00932,兆豐永續高息等權,上市
00933B,國泰10Y+金融債,上櫃
00934,中信成長高股息,上市
00935,野村臺灣新科技50,上市
00936,台新永續高息中小,上市
00937B,群益ESG投等債20+,上櫃
00938,凱基優選30,上市
00939,統一台灣高息動能,上市
00940,元大台灣價值高息,上市
00941,中信上游半導體,上市
00942B,台新美A公司債20+,上櫃
00943,兆豐電子高息等權,上市
00944,野村趨勢動能高息,上市
00945B,凱基美國非投等債,上市
00946,群益科技高息成長,上市
00947,台新臺灣IC設計,上市
00948B,中信優息投資級債,上櫃
00949,復華日本龍頭,上市
00950B,凱基A級公司債,上櫃
00951,台新日本半導體,上市
00952,凱基台灣AI50,上市
00953B,群益優選非投等債,上市
00954,中信日本半導體,上市
00955,中信日本商社,上櫃
00956,中信日經高股息,上市
00957B,兆豐US優選投等債,上櫃
00958B,永豐ESG銀行債15+,上櫃
00959B,大華投等美債15Y+,上櫃
00960,野村全球航運龍頭,上市
00961,FT臺灣永續高息,上市
00962,台新AI優息動能,上市
00963,中信全球高股息,上市
00964,中信亞太高股息,上市
00965,元大航太防衛科技,上市
00966B,統一ESG投等債15+,上櫃
00967B,元大優息美債,上櫃
00968B,元大優息投等債,上櫃
00969B,元大零息超長美債,上櫃
00970B,新光BBB投等債20+,上櫃
00971,野村美國研發龍頭,上市
00972,野村日本動能高息,上市
009800,中信NASDAQ,上市
009801,中信美國創新科技,上市
009802,富邦旗艦50,上市
009803,保德信市值動能50,上市
009804,聯邦台精彩50,上市
009805,新光美國電力基建,上市
009806,台新標普500,上櫃
009807,台新標普科技精選,上櫃
009808,華南永昌優選50,上市
009809,富邦淨零ESG50,上市
00980A,主動野村臺灣優選,上市
00980B,台新特選IG債10+,上櫃
00980D,主動聯博投等入息,上櫃
00980T,平衡凱基美國TOP,上櫃
009810,保德信全球藍籌,上市
009811,統一美國50,上市
009812,野村日本東證,上市
009813,貝萊德標普卓越50,上市
009814,富邦標普500,上櫃
00981A,主動統一台股增長,上市
00981B,第一金優選非投債,上櫃
00981D,主動中信非投等債,上櫃
00981T,平衡凱基雙核收息,上市
00982A,主動群益台灣強棒,上市
00982B,FT投資級債20+,上櫃
00982D,主動富邦動態入息,上市
00983A,主動中信ARK創新,上市
00983B,大華優利美公債20,上櫃
00983D,主動富邦複合收益,上市
00984A,主動安聯台灣高息,上市
00984B,大華優利美A債15,上櫃
00985A,主動野村台灣50,上市
00985B,群益ESG投等債0-5,上市
00986A,主動台新龍頭成長,上市
00986B,FT金融債10+,上櫃
00988A,主動統一全球創新,上市
00989A,主動摩根美國科技,上市
00991A,主動復華未來50,上市
1101,台泥,上市
1101B,台泥乙特,上市
1102,亞泥,上市
1103,嘉泥,上市
1104,環泥,上市
1108,幸福,上市
1109,信大,上市
1110,東泥,上市
1201,味全,上市
1203,味王,上市
1210,大成,上市
1213,大飲,上市
1215,卜蜂,上市
1216,統一,上市
1217,愛之味,上市
1218,泰山,上市
1219,福壽,上市
1220,台榮,上市
1225,福懋油,上市
1227,佳格,上市
1229,聯華,上市
1231,聯華食,上市
1232,大統益,上市
1233,天仁,上市
1234,黑松,上市
1235,興泰,上市
1236,宏亞,上市
1240,茂生農經,上櫃
1256,鮮活果汁-KY,上市
1259,安心,上櫃
1264,德麥,上櫃
1268,漢來美食,上櫃
1294,漢田生技,上櫃
1295,生合,上櫃
1301,台塑,上市
1303,南亞,上市
1304,台聚,上市
1305,華夏,上市
1307,三芳,上市
1308,亞聚,上市
1309,台達化,上市
1310,台苯,上市
1312,國喬,上市
1312A,國喬特,上市
1313,聯成,上市
1314,中石化,上市
1315,達新,上市
1316,上曜,上市
1319,東陽,上市
1321,大洋,上市
1323,永裕,上市
1324,地球,上市
1325,恆大,上市
1326,台化,上市
1336,台翰,上櫃
1337,再生-KY,上市
1338,廣華-KY,上市
1339,昭輝,上市
1340,勝悅-KY,上市
1341,富林-KY,上市
1342,八貫,上市
1402,遠東新,上市
1409,新纖,上市
1410,南染,上市
1413,宏洲,上市
1414,東和,上市
1416,廣豐,上市
1417,嘉裕,上市
1418,東華,上市
1419,新紡,上市
1423,利華,上市
1432,大魯閣,上市
1434,福懋,上市
1435,中福,上市
1436,華友聯,上市
1437,勤益控,上市
1438,三地開發,上市
1439,雋揚,上市
1440,南紡,上市
1441,大東,上市
1442,名軒,上市
1443,立益物流,上市
1444,力麗,上市
1445,大宇,上市
1446,宏和,上市
1447,力鵬,上市
1449,佳和,上市
1451,年興,上市
1452,宏益,上市
1453,大將,上市
1454,台富,上市
1455,集盛,上市
1456,怡華,上市
1457,宜進,上市
1459,聯發,上市
1460,宏遠,上市
1463,強盛新,上市
1464,得力,上市
1465,偉全,上市
1466,聚隆,上市
1467,南緯,上市
1468,昶和,上市
1470,大統新創,上市
1471,首利,上市
1472,三洋實業,上市
1473,台南,上市
1474,弘裕,上市
1475,業旺,上市
1476,儒鴻,上市
1477,聚陽,上市
1503,士電,上市
1504,東元,上市
1506,正道,上市
1512,瑞利,上市
1513,中興電,上市
1514,亞力,上市
1515,力山,上市
1516,川飛,上市
1517,利奇,上市
1519,華城,上市
1521,大億,上市
1522,堤維西,上市
1522A,堤維西甲特,上市
1524,耿鼎,上市
1525,江申,上市
1526,日馳,上市
1527,鑽全,上市
1528,恩德,上市
1529,樂事綠能,上市
1530,亞崴,上市
1531,高林股,上市
1532,勤美,上市
1533,車王電,上市
1535,中宇,上市
1536,和大,上市
1537,廣隆,上市
1538,正峰,上市
1539,巨庭,上市
1540,喬福,上市
1541,錩泰,上市
1558,伸興,上市
1560,中砂,上市
1563,巧新,上市
1565,精華,上櫃
1568,倉佑,上市
1569,濱川,上櫃
1570,力肯,上櫃
1580,新麥,上櫃
1582,信錦,上市
1583,程泰,上市
1584,精剛,上櫃
1586,和勤,上櫃
1587,吉茂,上市
1589,永冠-KY,上市
1590,亞德客-KY,上市
1591,駿吉-KY,上櫃
1593,祺驊,上櫃
1595,川寶,上櫃
1597,直得,上市
1598,岱宇,上市
1599,宏佳騰,上櫃
1603,華電,上市
1604,聲寶,上市
1605,華新,上市
1608,華榮,上市
1609,大亞,上市
1611,中電,上市
1612,宏泰,上市
1614,三洋電,上市
1615,大山,上市
1616,億泰,上市
1617,榮星,上市
1618,合機,上市
1626,艾美特-KY,上市
1702,南僑,上市
1707,葡萄王,上市
1708,東鹼,上市
1709,和益,上市
1710,東聯,上市
1711,永光,上市
1712,興農,上市
1713,國化,上市
1714,和桐,上市
1717,長興,上市
1718,中纖,上市
1720,生達,上市
1721,三晃,上市
1722,台肥,上市
1723,中碳,上市
1725,元禎,上市
1726,永記,上市
1727,中華化,上市
1730,花仙子,上市
1731,美吾華,上市
1732,毛寶,上市
1733,五鼎,上市
1734,杏輝,上市
1735,日勝化,上市
1736,喬山,上市
1737,臺鹽,上市
1742,台蠟,上櫃
1752,南光,上市
1760,寶齡富錦,上市
1762,中化生,上市
1773,勝一,上市
1776,展宇,上市
1777,生泰,上櫃
1781,合世,上櫃
1783,和康生,上市
1784,訊聯,上櫃
1785,光洋科,上櫃
1786,科妍,上市
1788,杏昌,上櫃
1789,神隆,上市
1795,美時,上市
1796,金穎生技,上櫃
1799,易威,上櫃
1802,台玻,上市
1805,寶徠,上市
1806,冠軍,上市
1808,潤隆,上市
1809,中釉,上市
1810,和成,上市
1813,寶利徠,上櫃
1815,富喬,上櫃
1817,凱撒衛,上市
1903,士紙,上市
1904,正隆,上市
1905,華紙,上市
1906,寶隆,上市
1907,永豐餘,上市
1909,榮成,上市
2002,中鋼,上市
2002A,中鋼特,上市
2006,東和鋼鐵,上市
2007,燁興,上市
2008,高興昌,上市
2009,第一銅,上市
2010,春源,上市
2012,春雨,上市
2013,中鋼構,上市
2014,中鴻,上市
2015,豐興,上市
2017,官田鋼,上市
2020,美亞,上市
2022,聚亨,上市
2023,燁輝,上市
2024,志聯,上市
2025,千興,上市
2027,大成鋼,上市
2028,威致,上市
2029,盛餘,上市
2030,彰源,上市
2031,新光鋼,上市
2032,新鋼,上市
2033,佳大,上市
2034,允強,上市
2035,唐榮,上櫃
2038,海光,上市
2049,上銀,上市
2059,川湖,上市
2061,風青,上櫃
2062,橋椿,上市
2063,世鎧,上櫃
2064,晉椿,上櫃
2065,世豐,上櫃
2066,世德,上櫃
2067,嘉鋼,上櫃
2069,運錩,上市
2070,精湛,上櫃
2073,雄順,上櫃
2101,南港,上市
2102,泰豐,上市
2103,台橡,上市
2104,國際中橡,上市
2105,正新,上市
2106,建大,上市
2107,厚生,上市
2108,南帝,上市
2109,華豐,上市
2114,鑫永銓,上市
2115,六暉-KY,上市
2201,裕隆,上市
2204,中華,上市
2206,三陽工業,上市
2207,和泰車,上市
2208,台船,上市
2211,長榮鋼,上市
2221,大甲,上櫃
2227,裕日車,上市
2228,劍麟,上市
2230,泰茂,上櫃
2231,為升,上市
2233,宇隆,上市
2235,謚源,上櫃
2236,百達-KY,上市
2239,英利-KY,上市
2241,艾姆勒,上市
2243,宏旭-KY,上市
2247,汎德永業,上市
2248,華勝-KY,上市
2250,IKKA-KY,上市
2301,光寶科,上市
2302,麗正,上市
2303,聯電,上市
2305,全友,上市
2308,台達電,上市
2312,金寶,上市
2313,華通,上市
2314,台揚,上市
2316,楠梓電,上市
2317,鴻海,上市
2321,東訊,上市
2323,中環,上市
2324,仁寶,上市
2327,國巨*,上市
2328,廣宇,上市
2329,華泰,上市
2330,台積電,上市
2331,精英,上市
2332,友訊,上市
2337,旺宏,上市
2338,光罩,上市
2340,台亞,上市
2342,茂矽,上市
2344,華邦電,上市
2345,智邦,上市
2347,聯強,上市
2348,海悅,上市
2348A,海悅甲特,上市
2349,錸德,上市
2351,順德,上市
2352,佳世達,上市
2353,宏碁,上市
2354,鴻準,上市
2355,敬鵬,上市
2356,英業達,上市
2357,華碩,上市
2359,所羅門,上市
2360,致茂,上市
2362,藍天,上市
2363,矽統,上市
2364,倫飛,上市
2365,昆盈,上市
2367,燿華,上市
2368,金像電,上市
2369,菱生,上市
2371,大同,上市
2373,震旦行,上市
2374,佳能,上市
2375,凱美,上市
2376,技嘉,上市
2377,微星,上市
2379,瑞昱,上市
2380,虹光,上市
2382,廣達,上市
2383,台光電,上市
2385,群光,上市
2387,精元,上市
2388,威盛,上市
2390,云辰,上市
2392,正崴,上市
2393,億光,上市
2395,研華,上市
2397,友通,上市
2399,映泰,上市
2401,凌陽,上市
2402,毅嘉,上市
2404,漢唐,上市
2405,輔信,上市
2406,國碩,上市
2408,南亞科,上市
2409,友達,上市
2412,中華電,上市
2413,環科,上市
2414,精技,上市
2415,錩新,上市
2417,圓剛,上市
2419,仲琦,上市
2420,新巨,上市
2421,建準,上市
2423,固緯,上市
2424,隴華,上市
2425,承啟,上市
2426,鼎元,上市
2427,三商電,上市
2428,興勤,上市
2429,銘旺科,上市
2430,燦坤,上市
2431,聯昌,上市
2433,互盛電,上市
2434,統懋,上市
2436,偉詮電,上市
2438,翔耀,上市
2439,美律,上市
2440,太空梭,上市
2441,超豐,上市
2442,新美齊,上市
2444,兆勁,上市
2449,京元電子,上市
2450,神腦,上市
2451,創見,上市
2453,凌群,上市
2454,聯發科,上市
2455,全新,上市
2457,飛宏,上市
2458,義隆,上市
2459,敦吉,上市
2460,建通,上市
2461,光群雷,上市
2462,良得電,上市
2464,盟立,上市
2465,麗臺,上市
2466,冠西電,上市
2467,志聖,上市
2468,華經,上市
2471,資通,上市
2472,立隆電,上市
2474,可成,上市
2476,鉅祥,上市
2477,美隆電,上市
2478,大毅,上市
2480,敦陽科,上市
2481,強茂,上市
2482,連宇,上市
2483,百容,上市
2484,希華,上市
2485,兆赫,上市
2486,一詮,上市
2488,漢平,上市
2489,瑞軒,上市
2491,吉祥全,上市
2492,華新科,上市
2493,揚博,上市
2495,普安,上市
2496,卓越,上市
2497,怡利電,上市
2498,宏達電,上市
2501,國建,上市
2504,國產,上市
2505,國揚,上市
2506,太設,上市
2509,全坤建,上市
2511,太子,上市
2514,龍邦,上市
2515,中工,上市
2516,新建,上市
2520,冠德,上市
2524,京城,上市
2527,宏璟,上市
2528,皇普,上市
2530,華建,上市
2534,宏盛,上市
2535,達欣工,上市
2536,宏普,上市
2537,聯上發,上市
2538,基泰,上市
2539,櫻花建,上市
2540,愛山林,上市
2542,興富發,上市
2543,皇昌,上市
2545,皇翔,上市
2546,根基,上市
2547,日勝生,上市
2548,華固,上市
2596,綠意,上櫃
2597,潤弘,上市
2601,益航,上市
2603,長榮,上市
2605,新興,上市
2606,裕民,上市
2607,榮運,上市
2608,嘉里大榮,上市
2609,陽明,上市
2610,華航,上市
2611,志信,上市
2612,中航,上市
2613,中櫃,上市
2614,東森,上市
2615,萬海,上市
2616,山隆,上市
2617,台航,上市
2618,長榮航,上市
2630,亞航,上市
2633,台灣高鐵,上市
2634,漢翔,上市
2636,台驊控股,上市
2637,慧洋-KY,上市
2640,大車隊,上櫃
2641,正德,上櫃
2642,宅配通,上市
2643,捷迅,上櫃
2645,長榮航太,上市
2646,星宇航空,上市
2701,萬企,上市
2702,華園,上市
2704,國賓,上市
2705,六福,上市
2706,第一店,上市
2707,晶華,上市
2712,遠雄來,上市
2718,全心投控,上櫃
2719,燦星旅,上櫃
2722,夏都,上市
2723,美食-KY,上市
2724,藝舍-KY,上櫃
2726,雅茗-KY,上櫃
2727,王品,上市
2729,瓦城,上櫃
2731,雄獅,上市
2732,六角,上櫃
2734,易飛網,上櫃
2736,富野,上櫃
2739,寒舍,上市
2740,天蔥,上櫃
2743,山富,上櫃
2745,五福,上櫃
2748,雲品,上市
2751,王座,上櫃
2752,豆府,上櫃
2753,八方雲集,上市
2754,亞洲藏壽司,上櫃
2755,揚秦,上櫃
2756,聯發國際,上櫃
2762,世界健身-KY,上市
2801,彰銀,上市
2812,台中銀,上市
2816,旺旺保,上市
2820,華票,上市
2832,台產,上市
2834,臺企銀,上市
2836,高雄銀,上市
2836A,高雄銀甲特,上市
2838,聯邦銀,上市
2838A,聯邦銀甲特,上市
2845,遠東銀,上市
2849,安泰銀,上市
2850,新產,上市
2851,中再保,上市
2852,第一保,上市
2855,統一證,上市
2867,三商壽,上市
2880,華南金,上市
2881,富邦金,上市
2881A,富邦特,上市
2881B,富邦金乙特,上市
2881C,富邦金丙特,上市
2882,國泰金,上市
2882A,國泰特,上市
2882B,國泰金乙特,上市
2883,凱基金,上市
2883B,凱基金乙特,上市
2884,玉山金,上市
2885,元大金,上市
2886,兆豐金,上市
2887,台新新光金,上市
2887E,台新新光戊特一,上市
2887F,台新新光戊特二,上市
2887G,台新新光庚特一,上市
2887H,台新新光庚特二,上市
2887I,台新新光辛特,上市
2887Z1,台新新光己特,上市
2889,國票金,上市
2890,永豐金,上市
2891,中信金,上市
2891B,中信金乙特,上市
2891C,中信金丙特,上市
2892,第一金,上市
2897,王道銀行,上市
2897B,王道銀乙特,上市
2901,欣欣,上市
2903,遠百,上市
2904,匯僑,上市
2905,三商,上市
2906,高林,上市
2908,特力,上市
2910,統領,上市
2911,麗嬰房,上市
2912,統一超,上市
2913,農林,上市
2915,潤泰全,上市
2916,滿心,上櫃
2923,鼎固-KY,上市
2924,宏太-KY,上櫃
2926,誠品生活,上櫃
2929,淘帝-KY,上市
2937,集雅社,上櫃
2939,永邑-KY,上市
2941,米斯特,上櫃
2945,三商家購,上市
2947,振宇五金,上櫃
2948,寶陞,上櫃
2949,欣新網,上櫃
3002,歐格,上市
3003,健和興,上市
3004,豐達科,上市
3005,神基,上市
3006,晶豪科,上市
3008,大立光,上市
3010,華立,上市
3011,今皓,上市
3013,晟銘電,上市
3014,聯陽,上市
3015,全漢,上市
3016,嘉晶,上市
3017,奇鋐,上市
3018,隆銘綠能,上市
3019,亞光,上市
3021,鴻名,上市
3022,威強電,上市
3023,信邦,上市
3024,憶聲,上市
3025,星通,上市
3026,禾伸堂,上市
3027,盛達,上市
3028,增你強,上市
3029,零壹,上市
3030,德律,上市
3031,佰鴻,上市
3032,偉訓,上市
3033,威健,上市
3034,聯詠,上市
3035,智原,上市
3036,文曄,上市
3036A,文曄甲特,上市
3037,欣興,上市
3038,全台,上市
3040,遠見,上市
3041,揚智,上市
3042,晶技,上市
3043,科風,上市
3044,健鼎,上市
3045,台灣大,上市
3046,建碁,上市
3047,訊舟,上市
3048,益登,上市
3049,精金,上市
3050,鈺德,上市
3051,力特,上市
3052,夆典,上市
3054,立萬利,上市
3055,蔚華科,上市
3056,富華新,上市
3057,喬鼎,上市
3058,立德,上市
3059,華晶科,上市
3060,銘異,上市
3062,建漢,上市
3064,泰偉,上櫃
3066,李洲,上櫃
3067,全域,上櫃
3071,協禧,上櫃
3073,天方能源,上櫃
3078,僑威,上櫃
3081,聯亞,上櫃
3083,網龍,上櫃
3085,新零售,上櫃
3086,華義,上櫃
3088,艾訊,上櫃
3090,日電貿,上市
3092,鴻碩,上市
3093,港建*,上櫃
3094,聯傑,上市
3095,及成,上櫃
3105,穩懋,上櫃
3114,好德,上櫃
3115,富榮綱,上櫃
3118,進階,上櫃
3122,笙泉,上櫃
3128,昇銳,上櫃
3130,一零四,上市
3131,弘塑,上櫃
3135,凌航,上市
3138,耀登,上市
3141,晶宏,上櫃
3147,大綜,上櫃
3149,正達,上市
3152,璟德,上櫃
3158,嘉實,上櫃
3162,精確,上櫃
3163,波若威,上櫃
3164,景岳,上市
3167,大量,上市
3168,眾福科,上市
3169,亞信,上櫃
3171,炎洲流通,上櫃
3176,基亞,上櫃
3178,公準,上櫃
3188,鑫龍騰,上櫃
3189,景碩,上市
3191,雲嘉南,上櫃
3205,佰研,上櫃
3206,志豐,上櫃
3207,耀勝,上櫃
3209,全科,上市
3211,順達,上櫃
3213,茂訊,上櫃
3217,優群,上櫃
3218,大學光,上櫃
3219,倚強科,上櫃
3221,台嘉碩,上櫃
3224,三顧,上櫃
3226,龍鋒,上櫃
3227,原相,上櫃
3228,金麗科,上櫃
3229,晟鈦,上市
3230,錦明,上櫃
3231,緯創,上市
3232,昱捷,上櫃
3234,光環,上櫃
3236,千如,上櫃
3252,海灣,上櫃
3257,虹冠電,上市
3259,鑫創,上櫃
3260,威剛,上櫃
3264,欣銓,上櫃
3265,台星科,上櫃
3266,昇陽,上市
3268,海德威,上櫃
3272,東碩,上櫃
3276,宇環,上櫃
3284,太普高,上櫃
3285,微端,上櫃
3287,廣寰科,上櫃
3288,點晶,上櫃
3289,宜特,上櫃
3290,東浦,上櫃
3293,鈊象,上櫃
3294,英濟,上櫃
3296,勝德,上市
3297,杭特,上櫃
3303,岱稜,上櫃
3305,昇貿,上市
3306,鼎天,上櫃
3308,聯德,上市
3310,佳穎,上櫃
3311,閎暉,上市
3312,弘憶股,上市
3313,斐成,上櫃
3317,尼克森,上櫃
3321,同泰,上市
3322,建舜電,上櫃
3323,加百裕,上櫃
3324,雙鴻,上櫃
3325,旭品,上櫃
3332,幸康,上櫃
3338,泰碩,上市
3339,泰谷,上櫃
3346,麗清,上市
3349,寶德,上櫃
3354,律勝,上櫃
3356,奇偶,上市
3357,臺慶科,上櫃
3360,尚立,上櫃
3362,先進光,上櫃
3363,上詮,上櫃
3372,典範,上櫃
3373,熱映,上櫃
3374,精材,上櫃
3376,新日興,上市
3379,彬台,上櫃
3380,明泰,上市
3388,崇越電,上櫃
3390,旭軟,上櫃
3402,漢科,上櫃
3406,玉晶光,上市
3413,京鼎,上市
3416,融程電,上市
3419,譁裕,上市
3426,台興,上櫃
3430,奇鈦科,上櫃
3432,台端,上市
3434,哲固,上櫃
3437,榮創,上市
3438,類比科,上櫃
3441,聯一光,上櫃
3443,創意,上市
3444,利機,上櫃
3447,展達,上市
3450,聯鈞,上市
3454,晶睿,上市
3455,由田,上櫃
3465,進泰電子,上櫃
3466,德晉,上櫃
3467,台灣精材,上櫃
3479,安勤,上櫃
3481,群創,上市
3483,力致,上櫃
3484,崧騰,上櫃
3489,森寶,上櫃
3490,單井,上櫃
3491,昇達科,上櫃
3492,長盛,上櫃
3494,誠研,上市
3498,陽程,上櫃
3499,環天科,上櫃
3501,維熹,上市
3504,揚明光,上市
3508,位速,上櫃
3511,矽瑪,上櫃
3512,皇龍,上櫃
3515,華擎,上市
3516,亞帝歐,上櫃
3518,柏騰,上市
3520,華盈,上櫃
3521,鴻翊,上櫃
3522,御嵿,上櫃
3523,迎輝,上櫃
3526,凡甲,上櫃
3527,聚積,上櫃
3528,安馳,上市
3529,力旺,上櫃
3530,晶相光,上市
3531,先益,上櫃
3532,台勝科,上市
3533,嘉澤,上市
3535,晶彩科,上市
3537,堡達,上櫃
3540,曜越,上櫃
3541,西柏,上櫃
3543,州巧,上市
3545,敦泰,上市
3546,宇峻,上櫃
3548,兆利,上櫃
3550,聯穎,上市
3551,世禾,上櫃
3552,同致,上櫃
3555,博士旺,上櫃
3556,禾瑞亞,上櫃
3557,嘉威,上市
3558,神準,上櫃
3563,牧德,上市
3564,其陽,上櫃
3567,逸昌,上櫃
3570,大塚,上櫃
3576,聯合再生,上市
3577,泓格,上櫃
3580,友威科,上櫃
3581,博磊,上櫃
3583,辛耘,上市
3587,閎康,上櫃
3588,通嘉,上市
3591,艾笛森,上市
3592,瑞鼎,上市
3593,力銘,上市
3594,磐儀,上櫃
3596,智易,上市
3597,映興,上櫃
3605,宏致,上市
3607,谷崧,上市
3609,三一東林,上櫃
3611,鼎翰,上櫃
3615,安可,上櫃
3617,碩天,上市
3622,洋華,上市
3623,富晶通,上櫃
3624,光頡,上櫃
3625,西勝,上櫃
3628,盈正,上櫃
3629,地心引力,上櫃
3630,新鉅科,上櫃
3631,晟楠,上櫃
3632,研勤,上櫃
3645,達邁,上市
3646,艾恩特,上櫃
3652,精聯,上市
3653,健策,上市
3661,世芯-KY,上市
3663,鑫科,上櫃
3664,安瑞-KY,上櫃
3665,貿聯-KY,上市
3666,光耀,上櫃
3669,圓展,上市
3672,康聯訊,上櫃
3673,TPK-KY,上市
3675,德微,上櫃
3679,新至陞,上市
3680,家登,上櫃
3684,榮昌,上櫃
3685,元創精密,上櫃
3686,達能,上市
3687,歐買尬,上櫃
3689,湧德,上櫃
3691,碩禾,上櫃
3693,營邦,上櫃
3694,海華,上市
3701,大眾控,上市
3702,大聯大,上市
3703,欣陸,上市
3704,合勤控,上市
3705,永信,上市
3706,神達,上市
3707,漢磊,上櫃
3708,上緯投控,上市
3709,鑫聯大投控,上櫃
3710,連展投控,上櫃
3711,日月光投控,上市
3712,永崴投控,上市
3713,新晶投控,上櫃
3714,富采,上市
3715,定穎投控,上市
3716,中化控股,上市
3717,聯嘉投控,上市
4102,永日,上櫃
4104,佳醫,上市
4105,東洋,上櫃
4106,雃博,上市
4107,邦特,上櫃
4108,懷特,上市
4109,加捷生醫,上櫃
4111,濟生,上櫃
4113,聯上,上櫃
4114,健喬,上櫃
4116,明基醫,上櫃
4119,旭富,上市
4120,友華,上櫃
4121,優盛,上櫃
4123,晟德,上櫃
4126,太醫,上櫃
4127,天良,上櫃
4128,中天,上櫃
4129,聯合,上櫃
4130,健亞,上櫃
4131,浩泰,上櫃
4133,亞諾法,上市
4137,麗豐-KY,上市
4138,曜亞,上櫃
4139,馬光-KY,上櫃
4142,國光生,上市
4147,中裕,上櫃
4148,全宇生技-KY,上市
4153,鈺緯,上櫃
4154,樂威科-KY,上櫃
4155,訊映,上市
4157,太景*-KY,上櫃
4160,訊聯基因,上櫃
4161,聿新科,上櫃
4162,智擎,上櫃
4163,鐿鈦,上櫃
4164,承業醫,上市
4166,友霖,上櫃
4167,松瑞藥,上櫃
4168,醣聯,上櫃
4171,瑞基,上櫃
4173,久裕,上櫃
4174,浩鼎,上櫃
4175,杏一,上櫃
4183,福永生技,上櫃
4188,安克,上櫃
4190,佐登-KY,上市
4192,杏國,上櫃
4198,欣大健康,上櫃
4205,中華食,上櫃
4207,環泰,上櫃
4303,信立,上櫃
4304,勝昱,上櫃
4305,世坤,上櫃
4306,炎洲,上市
4401,東隆興,上櫃
4402,郡都開發,上櫃
4406,新昕纖,上櫃
4413,飛寶企業,上櫃
4414,如興,上市
4416,三圓,上櫃
4417,金洲,上櫃
4419,皇家美食,上櫃
4420,光明,上櫃
4426,利勤,上市
4430,耀億,上櫃
4432,銘旺實,上櫃
4433,興采,上櫃
4438,廣越,上市
4439,冠星-KY,上市
4440,宜新實業,上市
4441,振大環球,上市
4442,竣邦-KY,上櫃
4502,健信,上櫃
4503,金雨,上櫃
4506,崇友,上櫃
4510,高鋒,上櫃
4513,福裕,上櫃
4523,永彰,上櫃
4526,東台,上市
4527,方土霖,上櫃
4528,江興鍛,上櫃
4529,淳紳,上櫃
4530,宏易,上櫃
4532,瑞智,上市
4533,協易機,上櫃
4534,慶騰,上櫃
4535,至興,上櫃
4536,拓凱,上市
4538,大詠城,上櫃
4540,全球傳動,上市
4541,晟田,上櫃
4542,科嶠,上櫃
4543,萬在,上櫃
4545,銘鈺,上市
4549,桓達,上櫃
4550,長佳,上櫃
4551,智伸科,上市
4552,力達-KY,上市
4554,橙的,上櫃
4555,氣立,上市
4556,旭然,上櫃
4557,永新-KY,上市
4558,寶緯,上櫃
4560,強信-KY,上市
4561,健椿,上櫃
4562,穎漢,上市
4563,百德,上櫃
4564,元翎,上市
4566,時碩工業,上市
4568,科際精密,上櫃
4569,六方科-KY,上市
4571,鈞興-KY,上市
4572,駐龍,上市
4576,大銀微系統,上市
4577,達航科技,上櫃
4580,捷流閥業,上櫃
4581,光隆精密-KY,上市
4583,台灣精銳,上市
4584,君帆,上櫃
4585,達明,上市
4588,玖鼎電力,上市
4609,唐鋒,上櫃
4702,中美實,上櫃
4706,大恭,上櫃
4707,磐亞,上櫃
4711,永純,上櫃
4714,永捷,上櫃
4716,大立,上櫃
4720,德淵,上市
4721,美琪瑪,上櫃
4722,國精化,上市
4726,永昕,上櫃
4728,雙美,上櫃
4729,熒茂,上櫃
4735,豪展,上櫃
4736,泰博,上市
4737,華廣,上市
4739,康普,上市
4741,泓瀚,上櫃
4743,合一,上櫃
4744,皇將,上櫃
4745,合富-KY,上櫃
4746,台耀,上市
4747,強生,上櫃
4749,新應材,上櫃
4754,國碳科,上櫃
4755,三福化,上市
4760,勤凱,上櫃
4763,材料*-KY,上市
4764,雙鍵,上市
4766,南寶,上市
4767,誠泰科技,上櫃
4768,晶呈科技,上櫃
4770,上品,上市
4771,望隼,上市
4772,台特化,上櫃
4804,大略-KY,上櫃
4806,桂田文創,上櫃
4807,日成-KY,上市
4903,聯光通,上櫃
4904,遠傳,上市
4905,台聯電,上櫃
4906,正文,上市
4907,富宇,上櫃
4908,前鼎,上櫃
4909,新復興,上櫃
4911,德英,上櫃
4912,聯德控股-KY,上市
4915,致伸,上市
4916,事欣科,上市
4919,新唐,上市
4923,力士,上櫃
4924,欣厚-KY,上櫃
4927,泰鼎-KY,上市
4930,燦星網,上市
4931,新盛力,上櫃
4933,友輝,上櫃
4934,太極,上市
4935,茂林-KY,上市
4938,和碩,上市
4939,亞電,上櫃
4942,嘉彰,上市
4943,康控-KY,上市
4946,辣椒,上櫃
4949,有成精密,上市
4950,金耘國際,上櫃
4951,精拓科,上櫃
4952,凌通,上市
4953,緯軟,上櫃
4956,光鋐,上市
4958,臻鼎-KY,上市
4960,誠美材,上市
4961,天鈺,上市
4966,譜瑞-KY,上櫃
4967,十銓,上市
4968,立積,上市
4971,IET-KY,上櫃
4972,湯石照明,上櫃
4973,廣穎,上櫃
4974,亞泰,上櫃
4976,佳凌,上市
4977,眾達-KY,上市
4979,華星光,上櫃
4987,科誠,上櫃
4989,榮科,上市
4991,環宇-KY,上櫃
4994,傳奇,上市
4995,晶達,上櫃
4999,鑫禾,上市
5007,三星,上市
5009,榮剛,上櫃
5011,久陽,上櫃
5013,強新,上櫃
5014,建錩,上櫃
5015,華祺,上櫃
5016,松和,上櫃
5201,凱衛,上櫃
5202,力新,上櫃
5203,訊連,上市
5205,中茂,上櫃
5206,坤悅,上櫃
5209,新鼎,上櫃
5210,寶碩,上櫃
5211,蒙恬,上櫃
5212,凌網,上櫃
5213,亞昕,上櫃
5215,科嘉-KY,上市
5220,萬達光電,上櫃
5222,全訊,上市
5223,安力-KY,上櫃
5225,東科-KY,上市
5227,立凱-KY,上櫃
5228,鈺鎧,上櫃
5230,雷笛克光學,上櫃
5234,達興材料,上市
5236,凌陽創新,上櫃
5243,乙盛-KY,上市
5244,弘凱,上市
5245,智晶,上櫃
5251,天鉞電,上櫃
5258,虹堡,上市
5263,智崴,上櫃
5269,祥碩,上市
5272,笙科,上櫃
5274,信驊,上櫃
5276,達輝-KY,上櫃
5278,尚凡*,上櫃
5283,禾聯碩,上市
5284,jpp-KY,上市
5285,界霖,上市
5287,數字,上櫃
5288,豐祥-KY,上市
5289,宜鼎,上櫃
5291,邑昇,上櫃
5292,華懋,上市
5299,杰力,上櫃
5301,寶得利,上櫃
5302,太欣,上櫃
5306,桂盟,上市
5309,系統電,上櫃
5310,天剛,上櫃
5312,寶島科,上櫃
5314,世紀*,上櫃
5315,光聯,上櫃
5321,美而快,上櫃
5324,士開,上櫃
5328,華容,上櫃
5340,建榮,上櫃
5344,立衛,上櫃
5345,馥鴻,上櫃
5347,世界,上櫃
5348,正能量智能,上櫃
5351,鈺創,上櫃
5353,台林,上櫃
5355,佳總,上櫃
5356,協益,上櫃
5364,力麗店,上櫃
5371,中光電,上櫃
5381,合正,上櫃
5386,青雲,上櫃
5388,中磊,上市
5392,能率,上櫃
5398,慕康生醫,上櫃
5403,中菲,上櫃
5410,國眾,上櫃
5425,台半,上櫃
5426,振發,上櫃
5432,新門,上櫃
5434,崇越,上市
5438,東友,上櫃
5439,高技,上櫃
5443,均豪,上櫃
5450,南良,上櫃
5452,佶優,上櫃
5455,昇益,上櫃
5457,宣德,上櫃
5460,同協,上櫃
5464,霖宏,上櫃
5465,富驊,上櫃
5468,凱鈺,上櫃
5469,瀚宇博,上市
5471,松翰,上市
5474,聰泰,上櫃
5475,德宏,上櫃
5478,智冠,上櫃
5481,新華,上櫃
5483,中美晶,上櫃
5484,慧友,上市
5487,通泰,上櫃
5488,松普,上櫃
5489,彩富,上櫃
5490,同亨,上櫃
5493,三聯,上櫃
5498,凱崴,上櫃
5508,永信建,上櫃
5511,德昌,上櫃
5512,力麒,上櫃
5514,三豐,上櫃
5515,建國,上市
5516,雙喜,上櫃
5519,隆大,上市
5520,力泰,上櫃
5521,工信,上市
5522,遠雄,上市
5523,豐謙,上櫃
5525,順天,上市
5529,鉅陞,上櫃
5530,龍巖,上櫃
5531,鄉林,上市
5533,皇鼎,上市
5534,長虹,上市
5536,聖暉*,上櫃
5538,東明-KY,上市
5543,桓鼎-KY,上櫃
5546,永固-KY,上市
5548,安倉,上櫃
5601,台聯櫃,上櫃
5603,陸海,上櫃
5604,中連,上櫃
5607,遠雄港,上市
5608,四維航,上市
5609,中菲行,上櫃
5701,劍湖山,上櫃
5703,亞都,上櫃
5704,老爺知,上櫃
5706,鳳凰,上市
5864,致和證,上櫃
5871,中租-KY,上市
5871A,中租-KY甲特,上市
5876,上海商銀,上市
5878,台名,上櫃
5880,合庫金,上市
5902,德記,上櫃
5903,全家,上櫃
5904,寶雅,上櫃
5905,南仁湖,上櫃
5906,台南-KY,上市
5907,大洋-KY,上市
6005,群益證,上市
6015,宏遠證,上櫃
6016,康和證,上櫃
6020,大展證,上櫃
6021,美好證,上櫃
6023,元大期,上櫃
6024,群益期,上市
6026,福邦證,上櫃
6101,寬魚國際,上櫃
6103,合邦,上櫃
6104,創惟,上櫃
6108,競國,上市
6109,亞元,上櫃
6111,大宇資,上櫃
6112,邁達特,上市
6113,亞矽,上櫃
6114,久威,上櫃
6115,鎰勝,上市
6116,彩晶,上市
6117,迎廣,上市
6118,建達,上櫃
6120,達運,上市
6121,新普,上櫃
6122,擎邦,上櫃
6123,上奇,上櫃
6124,業強,上櫃
6125,廣運,上櫃
6126,信音,上櫃
6127,九豪,上櫃
6128,上福,上市
6129,普誠,上櫃
6130,上亞科技,上櫃
6133,金橋,上市
6134,萬旭,上櫃
6136,富爾特,上市
6138,茂達,上櫃
6139,亞翔,上市
6140,訊達,上櫃
6141,柏承,上市
6142,友勁,上市
6143,振曜,上櫃
6144,得利影,上櫃
6146,耕興,上櫃
6147,頎邦,上櫃
6148,驊宏資,上櫃
6150,撼訊,上櫃
6151,晉倫,上櫃
6152,百一,上市
6153,嘉聯益,上市
6154,順發,上櫃
6155,鈞寶,上市
6156,松上,上櫃
6158,禾昌,上櫃
6160,欣技,上櫃
6161,捷波,上櫃
6163,華電網,上櫃
6164,華興,上市
6165,浪凡,上市
6166,凌華,上市
6167,久正,上櫃
6168,宏齊,上市
6169,昱泉,上櫃
6170,統振,上櫃
6171,大城地產,上櫃
6173,信昌電,上櫃
6174,安碁,上櫃
6175,立敦,上櫃
6176,瑞儀,上市
6177,達麗,上市
6179,亞通,上櫃
6180,橘子,上櫃
6182,合晶,上櫃
6183,關貿,上市
6184,大豐電,上市
6185,幃翔,上櫃
6186,新潤,上櫃
6187,萬潤,上櫃
6188,廣明,上櫃
6189,豐藝,上市
6190,萬泰科,上櫃
6191,精成科,上市
6192,巨路,上市
6194,育富,上櫃
6195,詩肯,上櫃
6196,帆宣,上市
6197,佳必琪,上市
6198,瑞築,上櫃
6199,天品,上櫃
6201,亞弘電,上市
6202,盛群,上市
6203,海韻電,上櫃
6204,艾華,上櫃
6205,詮欣,上市
6206,飛捷,上市
6207,雷科,上櫃
6208,日揚,上櫃
6209,今國光,上市
6210,慶生,上櫃
6212,理銘,上櫃
6213,聯茂,上市
6214,精誠,上市
6215,和椿,上市
6216,居易,上市
6217,中探針,上櫃
6218,豪勉,上櫃
6219,富旺,上櫃
6220,岳豐,上櫃
6221,晉泰,上櫃
6222,立軒,上櫃
6223,旺矽,上櫃
6224,聚鼎,上市
6225,天瀚,上市
6226,光鼎,上市
6227,茂綸,上櫃
6228,全譜,上櫃
6229,研通,上櫃
6230,尼得科超眾,上市
6231,系微,上櫃
6233,旺玖,上櫃
6234,高僑,上櫃
6235,華孚,上市
6236,中湛,上櫃
6237,驊訊,上櫃
6239,力成,上市
6240,松崗,上櫃
6241,易通展,上櫃
6242,立康,上櫃
6243,迅杰,上市
6244,茂迪,上櫃
6245,立端,上櫃
6246,臺龍,上櫃
6248,沛波,上櫃
6257,矽格,上市
6259,百徽,上櫃
6261,久元,上櫃
6263,普萊德,上櫃
6264,富裔,上櫃
6265,方土昶,上櫃
6266,泰詠,上櫃
6269,台郡,上市
6270,倍微,上櫃
6271,同欣電,上市
6274,台燿,上櫃
6275,元山,上櫃
6276,安鈦克,上櫃
6277,宏正,上市
6278,台表科,上市
6279,胡連,上櫃
6281,全國電,上市
6282,康舒,上市
6283,淳安,上市
6284,佳邦,上櫃
6285,啟碁,上市
6290,良維,上櫃
6291,沛亨,上櫃
6292,迅德,上櫃
6294,智基,上櫃
6405,悅城,上市
6409,旭隼,上市
6411,晶焱,上櫃
6412,群電,上市
6414,樺漢,上市
6415,矽力*-KY,上市
6416,瑞祺電通,上市
6417,韋僑,上櫃
6418,詠昇,上櫃
6419,京晨科,上櫃
6425,易發,上櫃
6426,統新,上市
6431,光麗-KY,上市
6432,今展科,上櫃
6435,大中,上櫃
6438,迅得,上市
6441,廣錠,上櫃
6442,光聖,上市
6443,元晶,上市
6446,藥華藥,上市
6449,鈺邦,上市
6451,訊芯-KY,上市
6456,GIS-KY,上市
6461,益得,上櫃
6462,神盾,上櫃
6464,台數科,上市
6465,威潤,上櫃
6469,大樹,上櫃
6470,宇智,上櫃
6472,保瑞,上市
6474,華豫寧,上櫃
6477,安集,上市
6482,弘煜科,上櫃
6485,點序,上櫃
6486,互動,上櫃
6488,環球晶,上櫃
6491,晶碩,上市
6492,生華科,上櫃
6494,九齊,上櫃
6496,科懋,上櫃
6498,久禾光,上櫃
6499,益安,上櫃
6504,南六,上市
6505,台塑化,上市
6506,雙邦,上櫃
6508,惠光,上櫃
6509,聚和,上櫃
6510,精測,上櫃
6512,啟發電,上櫃
6515,穎崴,上市
6516,勤崴國際,上櫃
6517,保勝光學,上櫃
6523,達爾膚,上櫃
6525,捷敏-KY,上市
6526,達發,上市
6527,明達醫,上櫃
6530,創威,上櫃
6531,愛普*,上市
6532,瑞耘,上櫃
6533,晶心科,上市
6535,順藥,上櫃
6538,倉和,上櫃
6541,泰福-KY,上市
6542,隆中,上櫃
6546,正基,上櫃
6547,高端疫苗,上櫃
6548,長科*,上櫃
6550,北極星藥業-KY,上市
6552,易華電,上市
6556,勝品,上櫃
6558,興能高,上市
6560,欣普羅,上櫃
6561,是方,上櫃
6568,宏觀,上櫃
6569,醫揚,上櫃
6570,維田,上櫃
6573,虹揚-KY,上市
6574,霈方,上櫃
6576,逸達,上櫃
6577,勁豐,上櫃
6578,達邦蛋白,上櫃
6579,研揚,上市
6581,鋼聯,上市
6582,申豐,上市
6584,南俊國際,上櫃
6585,鼎基,上市
6588,東典光電,上櫃
6589,台康生技,上市
6590,普鴻,上櫃
6591,動力-KY,上市
6592,和潤企業,上市
6592A,和潤企業甲特,上市
6592B,和潤企業乙特,上市
6593,台灣銘板,上櫃
6596,寬宏藝術,上櫃
6597,立誠,上櫃
6598,ABC-KY,上市
6603,富強鑫,上櫃
6605,帝寶,上市
6606,建德工業,上市
6609,瀧澤科,上櫃
6612,奈米醫材,上櫃
6613,朋億*,上櫃
6614,資拓宏宇,上市
6615,慧智,上櫃
6616,特昇-KY,上櫃
6617,共信-KY,上櫃
6624,萬年清,上櫃
6625,必應,上市
6629,泰金-KY,上櫃
6637,醫影,上櫃
6640,均華,上櫃
6641,基士德-KY,上市
6642,富致,上櫃
6643,M31,上櫃
6649,台生材,上櫃
6651,全宇昕,上櫃
6654,天正國際,上櫃
6655,科定,上市
6657,華安,上市
6658,聯策,上市
6661,威健生技,上櫃
6662,樂斯科,上櫃
6664,群翊,上櫃
6666,羅麗芬-KY,上市
6667,信紘科,上櫃
6668,中揚光,上市
6669,緯穎,上市
6670,復盛應用,上市
6671,三能-KY,上市
6672,騰輝電子-KY,上市
6674,鋐寶科技,上市
6679,鈺太,上櫃
6680,鑫創電子,上櫃
6683,雍智科技,上櫃
6684,安格,上櫃
6689,伊雲谷,上市
6690,安碁資訊,上櫃
6691,洋基工程,上市
6692,進能服,上櫃
6693,廣閎科,上櫃
6695,芯鼎,上市
6697,東捷資訊,上櫃
6698,旭暉應材,上市
6703,軒郁,上櫃
6706,惠特,上市
6708,天擎,上櫃
6712,長聖,上櫃
6715,嘉基,上市
6716,應廣,上櫃
6719,力智,上市
6720,久昌,上櫃
6721,信實,上櫃
6727,亞泰金屬,上櫃
6728,上洋,上櫃
6730,常廣,上櫃
6732,昇佳電子,上櫃
6733,博晟生醫,上櫃
6735,美達科技,上櫃
6739,竹陞科技,上櫃
6741,91APP*-KY,上櫃
6742,澤米,上市
6743,安普新,上市
6751,智聯服務,上櫃
6752,叡揚,上櫃
6753,龍德造船,上市
6754,匯僑設計,上市
6756,威鋒電子,上市
6757,台灣虎航,上市
6761,穩得,上櫃
6762,達亞,上櫃
6763,綠界科技*,上櫃
6767,台微醫,上櫃
6768,志強-KY,上市
6770,力積電,上市
6776,展碁國際,上市
6781,AES-KY,上市
6782,視陽,上市
6785,昱展新藥,上櫃
6788,華景電,上櫃
6789,采鈺,上市
6790,永豐實,上市
6791,虎門科技,上櫃
6792,詠業,上市
6794,向榮生技,上市
6796,晉弘,上市
6799,來頡,上市
6803,崑鼎,上櫃
6804,明係,上櫃
6805,富世達,上市
6806,森崴能源,上市
6807,峰源-KY,上市
6811,宏碁資訊,上櫃
6821,聯寶,上櫃
6823,濾能,上櫃
6829,千附精密,上櫃
6830,汎銓,上市
6831,邁科,上市
6834,天二科技,上市
6835,圓裕,上市
6838,台新藥,上市
6840,東研信超,上櫃
6841,長佳智能,上櫃
6843,進典,上櫃
6844,諾貝兒,上櫃
6846,綠茵,上櫃
6855,數泓科,上櫃
6856,鑫傳,上櫃
6859,伯特光,上櫃
6861,睿生光電,上市
6862,三集瑞-KY,上市
6863,永道-KY,上市
6865,偉康科技,上櫃
6869,雲豹能源,上市
6870,騰雲,上櫃
6872,浩宇生醫,上櫃
6873,泓德能源,上市
6874,倍力,上櫃
6875,國邑*,上櫃
6877,鏵友益,上櫃
6881,潤德,上櫃
6885,全福生技,上市
6887,寶綠特-KY,上市
6890,來億-KY,上市
6894,衛司特,上櫃
6895,宏碩系統,上櫃
6899,創為精密,上櫃
6901,鑽石投資,上市
6902,GOGOLOOK,上市
6903,巨漢,上櫃
6904,伯鑫,上櫃
6906,現觀科,上市
6909,創控,上市
6910,德鴻,上櫃
6913,鴻呈,上櫃
6914,阜爾運通,上市
6916,華凌,上市
6918,愛派司,上市
6919,康霈*,上市
6922,宸曜,上櫃
6923,中台,上市
6925,意藍,上櫃
6928,攸泰科技,上市
6929,佑全,上櫃
6931,青松健康,上市
6933,AMAX-KY,上市
6936,永鴻生技,上市
6937,天虹,上市
6944,兆聯實業,上市
6952,大武山,上市
6953,家碩,上櫃
6957,裕慶-KY,上市
6958,日盛台駿,上市
6962,奕力-KY,上市
6965,中傑-KY,上市
6967,汎瑋材料,上櫃
6968,萬達寵物,上櫃
6971,惠民實業,上櫃
6982,大井泵浦,上櫃
6994,富威電力,上市
6996,力領科技,上櫃
6997,博弘,上櫃
7402,邑錡,上櫃
7547,碩網,上櫃
7556,意德士,上櫃
7584,樂意,上櫃
7642,昶瑞機電,上櫃
7703,銳澤,上櫃
7704,明遠精密,上櫃
7705,三商餐飲,上市
7708,全家餐飲,上櫃
7709,榮田,上櫃
7711,永擎,上市
7712,博盛半導體,上櫃
7713,威力德生醫,上櫃
7714,創泓科技,上櫃
7715,裕山,上櫃
7716,昱臺國際,上櫃
7717,萊德光電-KY,上櫃
7718,友鋮,上櫃
7721,微程式,上市
7722,LINEPAY,上市
7723,築間,上櫃
7728,光焱科技,上櫃
7732,金興精密,上市
7734,印能科技,上櫃
7736,虎山,上市
7738,東聯互動,上櫃
7743,金利食安,上櫃
7744,崴寶,上櫃
7747,昕奇雲端,上櫃
7749,意騰-KY,上市
7750,新代,上市
7751,竑騰,上櫃
7753,星亞,上櫃
7757,金色三麥,上櫃
7765,中華資安,上市
7767,仁大資訊,上櫃
7769,鴻勁,上市
7770,君曜,上櫃
7780,大研生醫,上市
7782,光速火箭,上櫃
7786,東方風能,上市
7788,松川精密,上市
7791,皇家可口,上市
7799,禾榮科,上市
8011,台通,上市
8016,矽創,上市
8021,尖點,上市
8024,佑華,上櫃
8027,鈦昇,上櫃
8028,昇陽半導體,上市
8032,光菱,上櫃
8033,雷虎,上市
8034,榮群,上櫃
8038,長園科,上櫃
8039,台虹,上市
8040,九暘,上櫃
8042,金山電,上櫃
8043,蜜望實,上櫃
8044,網家,上櫃
8045,達運光電,上市
8046,南電,上市
8047,星雲,上櫃
8048,德勝,上櫃
8049,晶采,上櫃
8050,廣積,上櫃
8054,安國,上櫃
8059,凱碩,上櫃
8064,東捷,上櫃
8066,來思達,上櫃
8067,志旭,上櫃
8068,全達,上櫃
8069,元太,上櫃
8070,長華*,上市
8071,能率網通,上櫃
8072,陞泰,上市
8074,鉅橡,上櫃
8076,伍豐,上櫃
8077,洛碁,上櫃
8080,泰霖,上櫃
8081,致新,上市
8083,瑞穎,上櫃
8084,巨虹,上櫃
8085,福華,上櫃
8086,宏捷科,上櫃
8087,麗升能源,上櫃
8088,品安,上櫃
8089,康全電訊,上櫃
8091,翔名,上櫃
8092,建暐,上櫃
8093,保銳,上櫃
8096,擎亞,上櫃
8097,常珵,上櫃
8099,大世科,上櫃
8101,華冠,上市
8103,瀚荃,上市
8104,錸寶,上市
8105,凌巨,上市
8107,大億金茂,上櫃
8109,博大,上櫃
8110,華東,上市
8111,立碁,上櫃
8112,至上,上市
8112A,至上甲特,上市
8114,振樺電,上市
8121,越峰,上櫃
8131,福懋科,上市
8147,正淩,上櫃
8150,南茂,上市
8155,博智,上櫃
8163,達方,上市
8171,天宇,上櫃
8176,智捷,上櫃
8182,加高,上櫃
8183,精星,上櫃
8201,無敵,上市
8210,勤誠,上市
8213,志超,上市
8215,明基材,上市
8222,寶一,上市
8227,巨有科技,上櫃
8234,新漢,上櫃
8240,華宏,上櫃
8249,菱光,上市
8255,朋程,上櫃
8261,富鼎,上市
8271,宇瞻,上市
8272,全景軟體,上櫃
8277,商丞,上櫃
8279,生展,上櫃
8284,三竹,上櫃
8289,泰藝,上櫃
8291,尚茂,上櫃
8299,群聯,上櫃
8341,日友,上市
8342,益張,上櫃
8349,恒耀,上櫃
8349A,恒耀甲特,上櫃
8354,冠好,上櫃
8358,金居,上櫃
8367,建新國際,上市
8374,羅昇,上市
8383,千附,上櫃
8390,金益鼎,上櫃
8401,白紗科,上櫃
8403,盛弘,上櫃
8404,百和興業-KY,上市
8409,商之器,上櫃
8410,森田,上櫃
8411,福貞-KY,上市
8415,大國鋼,上櫃
8416,實威,上櫃
8421,旭源,上櫃
8422,可寧衛*,上市
8423,保綠-KY,上櫃
8424,惠普,上櫃
8426,紅木-KY,上櫃
8429,金麗-KY,上市
8431,匯鑽科,上櫃
8432,東生華,上櫃
8433,弘帆,上櫃
8435,鉅邁,上櫃
8436,大江,上櫃
8437,大地-KY,上櫃
8438,昶昕,上市
8440,綠電,上櫃
8442,威宏-KY,上市
8443,阿瘦,上市
8444,綠河-KY,上櫃
8446,華研,上櫃
8450,霹靂,上櫃
8454,富邦媒,上市
8455,大拓-KY,上櫃
8462,柏文,上市
8463,潤泰材,上市
8464,億豐,上市
8466,美吉吉-KY,上市
8467,波力-KY,上市
8472,夠麻吉,上櫃
8473,山林水,上市
8476,台境*,上市
8477,創業家,上櫃
8478,東哥遊艇,上市
8481,政伸,上市
8482,商億-KY,上市
8488,吉源-KY,上市
8489,三貝德,上櫃
8499,鼎炫-KY,上市
8905,裕國,上櫃
8906,花王,上櫃
8908,欣雄,上櫃
8916,光隆,上櫃
8917,欣泰,上櫃
8921,沈氏,上櫃
8923,時報,上櫃
8924,大田,上櫃
8926,台汽電,上市
8927,北基,上櫃
8928,鉅明,上櫃
8929,富堡,上櫃
8930,青鋼,上櫃
8931,大汽電,上櫃
8932,智通*,上櫃
8933,愛地雅,上櫃
8935,邦泰,上櫃
8936,國統,上櫃
8937,合騏,上櫃
8938,明安,上櫃
8940,新天地,上市
8941,關中,上櫃
8942,森鉅,上櫃
8996,高力,上市
9103,美德醫療-DR,上市
910322,康師傅-DR,上市
9105,泰金寶-DR,上市
910861,神州-DR,上市
9110,越南控-DR,上市
911608,明輝-DR,上市
911622,泰聚亨-DR,上市
911868,同方友友-DR,上市
912000,晨訊科-DR,上市
9136,巨騰-DR,上市
9802,鈺齊-KY,上市
9902,台火,上市
9904,寶成,上市
9905,大華,上市
9906,欣巴巴,上市
9907,統一實,上市
9908,大台北,上市
9910,豐泰,上市
9911,櫻花,上市
9912,偉聯,上市
9914,美利達,上市
9917,中保科,上市
9918,欣天然,上市
9919,康那香,上市
9921,巨大,上市
9924,福興,上市
9925,新保,上市
9926,新海,上市
9927,泰銘,上市
9928,中視,上市
9929,秋雨,上市
9930,中聯資源,上市
9931,欣高,上市
9933,中鼎,上市
9934,成霖,上市
9935,慶豐富,上市
9937,全國,上市
9938,百和,上市
9939,宏全,上市
9940,信義,上市
9941,裕融,上市
9941A,裕融甲特,上市
9942,茂順,上市
9943,好樂迪,上市
9944,新麗,上市
9945,潤泰新,上市
9946,三發地產,上市
9949,琉園,上櫃
9950,萬國通,上櫃
9951,皇田,上櫃
9955,佳龍,上市
9958,世紀鋼,上市
9960,邁達康,上櫃
9962,有益,上櫃